,pf,block clean threshold,weighting schema,matching threshold,cur_f
0,0,0.95,3,0.95,0.80945
1,1,0.95,3,0.95,0.0
2,0,0.05,3,0.95,0.78421
3,0,0.275,3,0.95,0.7932
4,0,0.5,3,0.95,0.81318
5,0,0.725,3,0.95,0.80945
6,0,0.5,0,0.95,0.80103
7,0,0.5,1,0.95,0.81846
8,0,0.5,2,0.95,0.8175
9,0,0.5,1,0.05,0.88883
10,0,0.5,1,0.275,0.91919
11,0,0.5,1,0.5,0.97357
12,0,0.5,1,0.725,0.98611
